Ecole,Académie,Ville,Spécialité,Type de recrutement,Informations complémentaires,Oral,Nombre de places
Ecole Polytechnique,Versailles,Palaiseau,Généraliste,Centrale Supelec,Concours polytechnique,,
Centrale Paris,Versailles,Châtenay-Malabry,Généraliste,Centrale Supelec,Centrale-supelec,,
Centrale Lyon,Lyon,Lyon,Généraliste,Centrale Supelec,Centrale-supelec,,
Centrale Lille,Lille,Lille,Généraliste,Centrale Supelec,Centrale-supelec,,
Centrale Nantes,Nantes,Nantes,Généraliste,Centrale Supelec,Centrale-supelec,,
Centrale Marseille,Marseille,Marseille,Généraliste,Centrale Supelec,Centrale-supelec,,
Supelec,Versailles,Gif-sur-Yvette,Electricité,Centrale Supelec,Centrale-supelec,,
Sup Optique,Versailles,Orsay,Physique Electronique,Centrale Supelec,Centrale-supelec,,
ENSIIE,Versailles,Evry,Informatique,Centrale Supelec,Centrale-supelec,,
IFMA,Clermont-Ferrand,Clermont-Ferrand,Mécanique,Centrale Supelec,Banque de notes centrale,,
ISMANS,Nantes,Le Mans,Matériaux,Centrale Supelec,Banque de notes centrale,"- Entretien de motivation
- TIPE",
ESIX,Caen,Cherbourg,Génie des systèmes industriels,Centrale Supelec,Banque de notes centrale,,
Mines ParisTech,Paris,Paris,Généraliste,Centrale Supelec,Mines-Ponts,,
Mines Nancy,Nancy-Metz,Nancy,Généraliste,Centrale Supelec,Mines-Ponts,,
Mines de Saint-Etienne,Lyon,Saint-Etienne,Généraliste,Centrale Supelec,Mines-Ponts,,
Ponts ParisTech,Créteil,Champs-sur-Marne,Généraliste,Centrale Supelec,Mines-Ponts,,
SUPAERO,Toulouse,Toulouse,Aéronautique,Centrale Supelec,Mines-Ponts,,
Ensta Paristech,Versailles,Palaiseau,Généraliste,Centrale Supelec,Mines-Ponts,,
Telecom Paristech,Paris,Paris,Télécommunications,Centrale Supelec,Mines-Ponts,,
Telecom Bretagne,Rennes,Brest,Télécommunications,Centrale Supelec,Mines-Ponts,,
Telecom SudParis,Versailles,Evry,Télécommunications,Centrale Supelec,Telecom INT,,
Telecom Saint-Etienne,Lyon,Lyon,Optique,Centrale Supelec,Telecom INT,,
Telecom Physique Strasbourg,Strasbourg,Strasbourg,TIC et Santé,Centrale Supelec,Telecom INT,,
ENSSAT,Rennes,Lannion,Informatique réseaux - Multimédia,Centrale Supelec,Telecom INT,,
Telecom Nancy,Nancy-Metz,Nancy,Informatique,Centrale Supelec,Telecom INT,,
ISMIN Saint-Etienne,Lyon,Gardanne,Microélectronique,Centrale Supelec,Telecom INT,,
Arts et Métiers ParisTech,Paris,Châlons en Champagne,Mécanique,Centrale Supelec,Ensam,"- Entretien        
- Langue vivante         
- TP S2I         
- TIPE        
- Langue vivante facultative",
Arts et Métiers ParisTech,Paris,Paris,Mécanique,Centrale Supelec,Ensam,,
ENSEA Cergy,Versailles,Cergy-Pontoise,Technologies de l'information,Centrale Supelec,Ensam,,
ESIEE Amiens,Amiens,Amiens,Généraliste,Centrale Supelec,Ensam,,
ESIEE Paris,Créteil,Noisy-Le grand,Technologies de l'information,Centrale Supelec,Ensam,,
EMN Nantes,Nantes,Nantes,Informatique - Energie,CCP,Ecoles des Mines,,
EMAC Albi,Toulouse,Albi,Généraliste,CCP,Ecoles des Mines,,
EMA Alès,Montpellier,Alès,Généraliste,CCP,Ecoles des Mines,,
EMD Douai,Lille,Douai,Généraliste,CCP,Ecoles des Mines,,
ENSTA Bretagne Civil,Rennes,Brest,Mécanique,CCP,Ecoles des Mines,,
ENSTA Bretagne Militaire,Rennes,Brest,Mécanique,CCP,Ecoles des Mines,,
Polytech Clermont-Ferrand,Clermont-Ferrand,Clermont-Ferrand,Génie Electrique,CCP,Réseau Polytech,Entretien + TIPE,
Polytech Clermont-Ferrand,Clermont-Ferrand,Clermont-Ferrand,Génie Civil,CCP,Réseau Polytech,Entretien + TIPE,
Polytech Grenoble,Grenoble,Grenoble,Matériaux,CCP,Réseau Polytech,Entretien + TIPE,
Polytech Grenoble,Grenoble,Grenoble,Systèmes Electroniques et informatiques - réseaux,CCP,Réseau Polytech,Entretien + TIPE,
Polytech Lille,Lille,Lille,Informatique - Microélectrique - Automatique,CCP,Réseau Polytech,Entretien + TIPE,
Polytech Lille,Lille,Lille,Mécanique,CCP,Réseau Polytech,Entretien + TIPE,
Polytech Lille,Lille,Lille,Ingénérie et commercialisation des systèmes de mesure,CCP,Réseau Polytech,Entretien + TIPE,
Polytech Montpellier,Montpellier,Montpellier,Electronique - Robotique - informatique industrielle,CCP,Réseau Polytech,Entretien + TIPE,
Polytech Nantes,Nantes,Nantes,Electronique - technologies numériques,CCP,Réseau Polytech,Entretien + TIPE,
Polytech Nantes,Nantes,Nantes,Energie Electrique,CCP,Réseau Polytech,Entretien + TIPE,
Polytech Nice-Sophie,Nice,Nice,Electronique,CCP,Réseau Polytech,Entretien + TIPE,
Polytech Orléans,Orléans,Orléans,Electronique - optique,CCP,Réseau Polytech,Entretien + TIPE,
Polytech Orléans,Orléans,Orléans,Génie civil - Géo-environnement,CCP,Réseau Polytech,Entretien + TIPE,
Polytech Orléans,Orléans,Orléans,Mécanique - Energétique - Matériaux - Mécatronique,CCP,Réseau Polytech,Entretien + TIPE,
Polytech Tours,Orléans,Tours,Informatique,CCP,Réseau Polytech,Entretien + TIPE,
Polytech Tours,Orléans,Tours,Electronique - Energie électrique,CCP,Réseau Polytech,Entretien + TIPE,
Polytech Tours,Orléans,Tours,Mécanique - conception de systèmes,CCP,Réseau Polytech,Entretien + TIPE,
Polytech Marseille,Marseille,Marseille,Génie civil,CCP,Réseau Polytech,Entretien + TIPE,
Polytech Marseille,Marseille,Marseille,Génie industriel et informatique,CCP,Réseau Polytech,Entretien + TIPE,
Polytech Marseille,Marseille,Marseille,Informatique,CCP,Réseau Polytech,Entretien + TIPE,
Polytech Marseille,Marseille,Marseille,Mécanique - Energétique,CCP,Réseau Polytech,Entretien + TIPE,
Polytech Marseille,Marseille,Marseille,Microélectronique - télécommunications,CCP,Réseau Polytech,Entretien + TIPE,
Polytech Lyon,Lyon,Lyon,Mécanique,CCP,Réseau Polytech,Entretien + TIPE,
Polytech Lyon,Lyon,Lyon,Systèmes industriels et Robotique,CCP,Réseau Polytech,Entretien + TIPE,
Polytech Savoie,Grenoble,Annecy-Chambéry,Environnement - Bâtiment - Energie,CCP,Réseau Polytech,Entretien + TIPE,
Polytech Savoie,Grenoble,Annecy-Chambéry,Instrumentation - Automatique - informatique,CCP,Réseau Polytech,Entretien + TIPE,
Polytech Savoie,Grenoble,Annecy-Chambéry,Mécanique - Matériaux,CCP,Réseau Polytech,Entretien + TIPE,
EPITA,Créteil,Kremlin Bicêtre,Informatique,CCP,EPITA,,
IPSA Paris,Créteil,Ivry,Technologies - Aéronautique,CCP,EPITA,,
IPSA Toulouse,Toulouse,Toulouse,Technologies - Aéronautique,CCP,EPITA,,
ENSGSI nancy,Nancy-Metz,Nancy,Génie industriel,CCP,CCP Inter-Filière,,
ENSMM Besançon,Besançon,Besançon,Micromécanique,CCP,Concours communs,,
ENSEIRB MATMECA,Bordeaux,Bordeaux,Electronique,CCP,Concours communs,,
ENSEIRB MATMECA,Bordeaux,Bordeaux,Informatique,CCP,Concours communs,,
ENSEIRB MATMECA,Bordeaux,Bordeaux,Télécom,CCP,Concours communs,,
INSA (ENSI Bourges),Orléans,Bourges,Risques industriels,CCP,Concours communs,,
INSA (ENSI Bourges),Orléans,Bourges,Sécurité - Technologies Informatiques,CCP,Concours communs,,
ENSICAEN,Caen,Caen,Electronique - Physique appliquée,CCP,Concours communs,,
ISIMA Clermont-Ferrand,Clermont-Ferrand,Clermont-Ferrand,Informatique - Maths appliquées,CCP,Concours communs,,
Grenoble INP-ENSE3,Grenoble,Grenoble,Energie de l'eau et de l'environnement,CCP,Concours communs,,
Grenoble INP-Pagora,Grenoble,Grenoble,Papier - Biomatériaux,CCP,Concours communs,,
CPE Lyon,Lyon,Lyon,Electronique,CCP,Concours communs,,
ENSEM Nancy,Nancy-Metz,Nancy,Electricité - Mécanique,CCP,Concours communs,,
SUPMECA Paris,Créteil,Saint-Ouen,Industrie mécanique,CCP,Concours communs,,
SUPMECA Toulon,Nice,Toulon,Industrie mécanique,CCP,Concours communs,,
ENSI Poitiers,Poitiers,Poitiers,Energie,CCP,Concours communs,,
ISAE-ENSMA Poitiers,Poitiers,Poitiers,Mécanique Aérotechnique,CCP,Concours communs,,
Telecom Physique Strasbourg,Strasbourg,Strasbourg,Electronique - Informatique industrielle,CCP,Concours communs,,
INP-ENSEEIHT Toulouse,Toulouse,Toulouse,Electronique - traitement du signal,CCP,Concours communs,,
INP-ENSEEIHT Toulouse,Toulouse,Toulouse,Génie Electrique et Automaitque,CCP,Concours communs,,
ENAC Toulouse,Toulouse,Toulouse,Aviation,CCP,Concours communs,,
ENSICA Toulouse,Toulouse,Toulouse,Généraliste,CCP,Concours communs,,
ENSIAME Valenciennes,Lille,Valenciennes,Informatique - management des systèmes,CCP,Concours communs,,
ENSIAME Valenciennes,Lille,Valenciennes,Mécanique - Energétique,CCP,Concours communs,,
ENSIAME Valenciennes,Lille,Valenciennes,Mécatronique,CCP,Concours communs,,
EILCO,Lille,Calais,Informatique,CCP,Banque d'épreuves CCP,,
EILCO,Lille,Saint-Omer,Génie Industriel,CCP,Banque d'épreuves CCP,,
EIVP,Paris,Paris,Génie urbain,CCP,Banque d'épreuves CCP,,
ENS,Créteil,Cachan,Enseignement,CCP,Banque d'épreuves CCP,,
ENSAIT,Lille,Roubaix,Industries Textiles,CCP,Banque d'épreuves CCP,,
ENSISA,Strasbourg,Mulhouse,Automatique et systèmes,CCP,Banque d'épreuves CCP,,
ENSISA,Strasbourg,Mulhouse,Informatique et Réseaux,CCP,Banque d'épreuves CCP,,
ENSISA,Strasbourg,Mulhouse,Mécanique,CCP,Banque d'épreuves CCP,,
ENSISA,Strasbourg,Mulhouse,Textiles et fibres,CCP,Banque d'épreuves CCP,,
ENSTIB,Nancy-Metz,Epinal,Techniques du bois,CCP,Banque d'épreuves CCP,,
ENTPE,Lyon,Vaulx en Velin,Génie Civil-Travaux publics,CCP,Banque d'épreuves CCP,,
ESIGELEC,Rouen,Rouen,Electricité,CCP,Banque d'épreuves CCP,,
ESIREM,Dijon,Dijon,Informatique-Electronique,CCP,Banque d'épreuves CCP,,
ESIREM,Dijon,Dijon,Matériaux,CCP,Banque d'épreuves CCP,,
ESTIA,Bordeaux,Bayonne,Automatique,CCP,Banque d'épreuves CCP,,
ESTP,Créteil,Cachan,Bâtiment,CCP,Banque d'épreuves CCP,,
ESTP,Créteil,Cachan,Génie mécanique  et Electrique,CCP,Banque d'épreuves CCP,,
ESTP,Créteil,Cachan,Topographie,CCP,Banque d'épreuves CCP,,
ESTP,Créteil,Cachan,Travaux publics,CCP,Banque d'épreuves CCP,,
ISAT,Dijon,Nevers,Energies et moteurs,CCP,Banque d'épreuves CCP,,
ISAT,Dijon,Nevers,Mécanique et Ingénierie des transports,CCP,Banque d'épreuves CCP,,
ISEP,Paris,Paris,Technologies de l'information,CCP,Banque d'épreuves CCP,,
ISIS,Toulouse,Castres,Informatique et systèmes d'information pour la santé,CCP,Banque d'épreuves CCP,,
3IL,Limoges,Limoges,Généraliste,CCP,Banque d'épreuves CCP,,
EPMI,Versailles,Cergy-Pontoise,Systèmes industriels,Dossier,Concours spécifique,,
ESAIP,Rennes,Angers,Réseaux et technologies du numérique,Dossier,entretien,,
ESB,Nantes,Nantes,Industries et technologies du bois,Dossier,admissibilité à un concours+oraux,,
ESIGETEL,Créteil,Fontainebleau,Informatique et télécommunications,Dossier,,,
ICAM,Lille,Lille,Mécanique et automatique,Dossier,admissibilité à un concours,,
ICAM,Nantes,Nantes,Mécanique et automatique,Dossier,admissibilité à un concours,,
ICAM,Paris,Paris Sénart,Mécanique et automatique,Dossier,admissibilité à un concours,,
ICAM,Toulouse,Toulouse,Mécanique et automatique,Dossier,admissibilité à un concours,,
ICAM,Rennes,Vannes,Mécanique et automatique,Dossier,admissibilité à un concours,,
ICAM,Nantes,La Roche sur Yon,Mécanique et automatique,Dossier,admissibilité à un concours,,
INSA,Lyon,Lyon,Génie Mécanique,Dossier,,,
,,,Génie Électrique,Dossier,,,
,,,Télécom,Dossier,,,
,,,Génie Civil et Urbanisme,Dossier,,,
INSA,Lyon,Lyon,Science et génie des matériaux,Dossier,,,
INSA,Rennes,Rennes,Système et Réseaux,,,,
,,,Génie Civil Urbain,,,,
,Rennes,,Science et génie des matériaux,,,,
,Rennes,Rennes,Génie mécanique et automatisme,Dossier,,,
INSA,Rouen,Rouen,Génie civil,Dossier,,,
INSA,Rouen,Rouen,Mécanique,Dossier,,,
INSA,Strasbourg,Strasbourg,Génie Mécanique,Dossier,,,
INSA,Strasbourg,Strasbourg,Plasturgie,Dossier,,,
INSA,Strasbourg,Strasbourg,Topographie,Dossier,,,
INSA,Strasbourg,Strasbourg,Génie Électrique,Dossier,,,
INSA,Strasbourg,Strasbourg,Mécatronique,Dossier,,,
INSA,Toulouse,Toulouse,Génie Mécanique,,,,
INSA,,,Génie civil,,,,
INSA,,,Automatique et électronique,Dossier,,,
INSA,Orléans,Bourges,Multiples spécialités,Dossier,,,
ISEN,Rennes,Brest,Electronique-Numérique,Dossier,,,
ISEN,Lille,Lille,Electronique-Numérique,Dossier,,,
ISEN,Nice,Toulon,Electronique-Numérique,Dossier,,,
UTT,Reims,Troyes,Systèmes industriels,Dossier,Entretien,,
UTC,Amiens,Compiègne,Génie des procédés,Dossier,Entretien,,
UTBM,Besançon,Belfort-Montbéliard,Systèmes industriels,Dossier,Entretien,,
UTT,Reims,Troyes,Systèmes d'informatique et d'information,Dossier,Entretien,,
UTT,Reims,Troyes,Matériaux,Dossier,Entretien,,
UTT,Reims,Troyes,Mécanique,Dossier,Entretien,,
UTT,Reims,Troyes,Systèmes réseaux et télécommunication,Dossier,Entretien,,
UTT,Reims,Troyes,Matériaux et mécanique,Dossier,Entretien,,
UTC,Amiens,Compiègne,Génie des systèmes urbains,Dossier,Entretien,,
UTC,Amiens,Compiègne,Informatique,Dossier,Entretien,,
UTC,Amiens,Compiègne,Génie mécanique,Dossier,Entretien,,
UTBM,Besançon,Belfort-Montbéliard,Energie,Dossier,Entretien,,
UTBM,Besançon,Belfort-Montbéliard,Informatique,Dossier,Entretien,,
UTBM,Besançon,Belfort-Montbéliard,Mécanique,Dossier,Entretien,,
UTBM,Besançon,Belfort-Montbéliard,Mécanique et ergonomie,Dossier,Entretien,,
ENSG,Créteil,Marne la Vallée,Géomatique,Dossier,,,
ESME-SUDRIA,Créteil,Ivry,Electricité et informatique,Dossier,Entretien et test,,
ESME-SUDRIA,Lille,Lille,Electricité et informatique,Dossier,Entretien et test,,
ESME-SUDRIA,Lyon,Lyon,Electricité et informatique,Dossier,,,
ENS Rennes,Rennes,Bruz,Mécatronique,Dossier / CCP,Entretien,,
